City_ID,City,Cloudiness,Country,Date,Humidity,Lat,Lng,Max Temp,Wind Speed
0,Tiksi,60,RU,1667532890,98,71.6872,128.8694,-3.73,7.4
1,Chui,1,UY,1667532891,80,-33.6971,-53.4616,52.66,5.44
2,Jyvaskyla,100,FI,1667532891,98,62.2415,25.7209,41.34,4.61
3,Rikitea,100,PF,1667532779,70,-23.1203,-134.9692,70.36,16.84
4,Puerto Ayora,68,EC,1667532892,84,-0.7393,-90.3518,67.28,9.51
5,Bluff,93,NZ,1667532892,80,-46.6,168.3333,50.52,34.36
6,Mataura,78,NZ,1667532893,72,-46.1927,168.8643,52.66,12.75
7,Beloha,15,MG,1667532893,68,-25.1667,45.05,71.51,12.44
8,Hilo,75,US,1667532894,86,19.7297,-155.09,76.62,5.01
9,Albany,0,US,1667532682,69,42.6001,-73.9662,55.81,1.01
10,Ostrov,93,RU,1667532895,89,57.3439,28.3537,38.93,3.31
11,Ponta Delgada,75,PT,1667532895,100,37.7333,-25.6667,69.49,11.5
12,Syas'stroy,15,RU,1667532896,89,60.1367,32.5691,29.3,4.34
13,Ushuaia,20,AR,1667532896,71,-54.8,-68.3,53.26,8.05
14,Dikson,100,RU,1667532896,92,73.5069,80.5464,21.43,6.04
15,Henderson,0,US,1667532881,61,36.0397,-114.9819,53.04,4.61
16,Punta Arenas,0,CL,1667532897,63,-53.15,-70.9167,59.11,26.46
17,Plettenberg Bay,96,ZA,1667532898,93,-34.0527,23.3716,63.28,3.76
18,East London,20,ZA,1667532898,88,-33.0153,27.9116,65.34,2.3
19,Laohekou,100,CN,1667532898,65,32.3858,111.6678,56.43,5.39
20,Sola,75,VU,1667532899,70,-13.8833,167.55,84.87,0
21,São Filipe,100,CV,1667532900,55,14.8961,-24.4956,80.78,7.78
22,Pevek,57,RU,1667532900,98,69.7008,170.3133,-16.19,6.22
23,Constitución,97,CL,1667532656,88,-35.3333,-72.4167,50.09,1.48
24,Paraíso,100,CR,1667532901,91,9.8383,-83.8656,65.41,1.21
25,Bredasdorp,97,ZA,1667532902,94,-34.5322,20.0403,63.84,12.01
26,Tuktoyaktuk,100,CA,1667532902,85,69.4541,-133.0374,10.4,11.5
27,Kavieng,33,PG,1667532903,67,-2.5744,150.7967,84.94,2.64
28,Castro,6,BR,1667532605,98,-24.7911,-50.0119,43.5,4.36
29,Mahébourg,40,MU,1667532904,83,-20.4081,57.7,76.24,9.22
30,Bustamante,0,MX,1667532904,67,26.5333,-100.5,72.59,13.82
31,Cape Town,20,ZA,1667532714,83,-33.9258,18.4232,70.12,8.99
32,Severo-Kuril'sk,100,RU,1667532905,84,50.6789,156.125,40.6,13.87
33,Oudtshoorn,60,ZA,1667532905,90,-33.5907,22.2014,59.36,0.76
34,Port Lincoln,55,AU,1667532906,61,-34.7333,135.8667,60.84,9.75
35,George Town,20,MY,1667532832,78,5.4112,100.3354,86.9,5.75
36,Khedbrahma,0,IN,1667532907,32,24.0333,73.05,83.07,2.44
37,Vieux-Habitants,95,GP,1667532907,79,16.0589,-61.7659,76.57,11.36
38,Souillac,40,MU,1667532908,83,-20.5167,57.5167,75.58,9.22
39,Ambanja,4,MG,1667532908,82,-13.6833,48.45,76.93,1.61
40,Catuday,19,PH,1667532909,74,16.2923,119.8062,82.15,11.36
41,Marawi,69,PH,1667532910,80,7.9986,124.2928,78.98,4.9
42,Srednekolymsk,28,RU,1667532910,91,67.45,153.6833,-12.8,2.71
43,Yellowknife,100,CA,1667532911,92,62.456,-114.3525,16.32,14.97
44,Klaksvík,100,FO,1667532911,92,62.2266,-6.589,47.32,29.95
45,Port Hedland,0,AU,1667532727,11,-20.3167,118.5667,95.05,12.66
46,College,100,US,1667532912,84,64.8569,-147.8028,14.58,6.91
47,Hasaki,98,JP,1667532912,75,35.7333,140.8333,67.21,23.62
48,Atuona,31,PF,1667532913,81,-9.8,-139.0333,77.31,14.12
49,Hobyo,8,SO,1667532914,69,5.3505,48.5268,80.28,4.03
50,Port Alfred,53,ZA,1667532914,82,-33.5906,26.891,68.11,15.48
51,Tabou,100,CI,1667532915,89,4.423,-7.3528,76.95,3.83
52,Leningradskiy,100,RU,1667532915,95,69.3833,178.4167,5.76,11.92
53,Tromsø,100,NO,1667532897,75,69.6496,18.957,43.38,8.05
54,Dzilam González,100,MX,1667532916,95,21.2833,-88.9333,74.7,5.73
55,Champerico,99,GT,1667532917,81,14.3,-91.9167,79.88,4.74
56,Tessalit,0,ML,1667532917,21,20.1986,1.0114,70.05,10.71
57,Geraldton,0,AU,1667532918,53,-28.7667,114.6,73.81,19.57
58,Mangai,51,CD,1667532919,98,-4.05,19.5333,66.27,0.83
59,Nālūt,3,LY,1667532919,41,30.3333,10.85,58.35,4.27
60,Bilma,41,NE,1667532920,30,18.6853,12.9164,64.94,7.94
61,Dingcheng,85,CN,1667532920,57,32.1272,115.0394,62.74,13.85
62,Namatanai,65,PG,1667532921,65,-3.6667,152.4333,86.25,1.63
63,Caravelas,100,BR,1667532921,78,-17.7125,-39.2481,69.44,17.78
64,Moussoro,100,TD,1667532922,19,13.6408,16.4901,73.02,11.36
65,Balod,0,IN,1667532922,48,20.73,81.2047,75.2,4.36
66,Cayenne,100,GF,1667532923,94,4.9333,-52.3333,75.24,0
67,Perevolotskiy,73,RU,1667532923,98,51.8763,54.1938,16.92,5.23
68,Ambunti,95,PG,1667532924,72,-4.2365,142.8448,87.67,2.44
69,Asău,43,RO,1667532924,85,46.4333,26.4,31.12,3.74
70,Opuwo,56,NA,1667532925,29,-18.0607,13.84,64.83,3.91
71,Guerrero Negro,5,MX,1667532925,57,27.9769,-114.0611,63.3,21.09
72,Colares,98,PT,1667532926,93,38.7992,-9.4469,62.28,14
73,Boca do Acre,5,BR,1667532926,50,-8.7522,-67.3978,65.53,3.36
74,Rudolstadt,100,DE,1667532927,90,50.7167,11.3333,53.4,4.61
75,Lebu,93,CL,1667532927,92,-37.6167,-73.65,52.39,1.83
76,Ponta do Sol,22,PT,1667532928,87,32.6667,-17.1,70.72,2.73
77,Kudahuvadhoo,54,MV,1667532929,78,2.6708,72.8944,81.61,14.54
78,Arroyo de la Encomienda,0,ES,1667532929,83,41.6096,-4.7969,43.14,5.75
79,Fort Nelson,40,CA,1667532930,85,58.8053,-122.7002,11.79,4.61
80,Sistranda,95,NO,1667532930,77,63.7256,8.834,51.76,10.13
81,Bethel,0,US,1667532931,89,41.3712,-73.414,54.48,0
82,Lompoc,0,US,1667532769,72,34.6391,-120.4579,53.74,3.44
83,New Norfolk,60,AU,1667532932,32,-42.7826,147.0587,66.7,2.44
84,Khandyga,69,RU,1667532932,92,62.6667,135.6,2.71,2.04
85,Ketchikan,75,US,1667532790,87,55.3422,-131.6461,43.27,4.61
86,Hong Kong,41,HK,1667532750,86,22.2855,114.1577,75.96,11.01
87,Busselton,71,AU,1667532934,49,-33.65,115.3333,66.52,13.8
88,Kapaa,75,US,1667532736,80,22.0752,-159.319,82.38,16.11
89,Tshikapa,79,CD,1667532934,90,-6.4167,20.8,68.7,0.74
90,Poso,100,ID,1667532935,64,-1.3959,120.7524,87.17,4.79
91,Shubarkuduk,80,KZ,1667532935,92,49.1447,56.4872,27.64,13.65
92,Balyqshy,75,KZ,1667532936,87,47.0667,51.8667,35.6,11.18
93,San Patricio,25,US,1667532936,87,28.017,-97.5169,78.66,14.16
94,Pisco,100,PE,1667532937,88,-13.7,-76.2167,60.85,13.8
95,Bengkulu,98,ID,1667532938,66,-3.8004,102.2655,84.09,9.31
96,Batemans Bay,46,AU,1667532938,62,-35.7167,150.1833,68.09,10.04
97,Hobart,20,AU,1667532938,52,-42.8794,147.3294,67.05,11.5
98,Malakal,40,SS,1667532939,39,9.5334,31.6605,71.51,5.08
99,Dingle,91,PH,1667532939,75,10.9995,122.6711,85.3,11.41
100,Terney,12,RU,1667532940,35,45.0503,136.6092,36.66,14.58
101,Jaicós,76,BR,1667532940,82,-7.3592,-41.1378,75.15,3
102,Laas,100,IT,1667532941,99,46.6166,10.7002,49.08,2.77
103,Matara,69,LK,1667532941,68,5.9485,80.5353,84.16,7.76
104,Ribeira Grande,49,PT,1667532942,97,38.5167,-28.7,67.77,7
105,Chara,59,RU,1667532942,82,56.9064,118.2631,19.49,4.92
106,Sitka,75,US,1667532943,70,57.0531,-135.33,42.69,6.91
107,Inuvik,100,CA,1667532943,85,68.3499,-133.7218,13.21,8.05
108,Saint-Philippe,86,RE,1667532944,75,-21.3585,55.7679,74.79,7.56
109,Airai,92,TL,1667532944,59,-8.9266,125.4092,75.07,3.11
110,Acapulco de Juárez,0,MX,1667532906,83,16.8634,-99.8901,80.42,4.61
111,Samarai,45,PG,1667532945,71,-10.6167,150.6667,84.7,9.6
112,Jamestown,0,US,1667532945,82,42.097,-79.2353,55.04,9.22
113,Antalaha,87,MG,1667532946,77,-14.9003,50.2788,71.94,3.8
114,Tasiilaq,100,GL,1667532946,95,65.6145,-37.6368,32.16,11.21
115,Taltal,6,CL,1667532947,80,-25.4,-70.4833,59.36,2.68
116,Ngunguru,100,NZ,1667532947,86,-35.6167,174.5,62.76,4.16
117,Buenos Aires,0,AR,1667532753,69,-34.6132,-58.3772,65.98,18.41
118,Kruisfontein,94,ZA,1667532948,85,-34.0033,24.7314,61.88,9.46
119,Bulalacao,30,PH,1667532948,70,12.3254,121.3435,84.97,14.97
120,Sibu,40,MY,1667532949,94,2.3,111.8167,77.31,3.44
121,Mount Isa,0,AU,1667532949,13,-20.7333,139.5,85.77,9.22
122,Myre,84,NO,1667532950,82,69.1036,15.9492,46.33,8.57
123,Esmeraldas,74,BR,1667532950,90,-19.7625,-44.3139,59.31,2.64
124,Sharjah city,0,AE,1667532951,36,25.3573,55.4033,79.09,12.66
125,Tucuruí,100,BR,1667532951,94,-3.7661,-49.6725,73.56,3.38
126,Babu,100,CN,1667532952,70,24.4167,111.5167,64.74,3.69
127,Tilichiki,100,RU,1667532952,97,60.4667,166.1,19.42,8.75
128,Aloleng,17,PH,1667532953,73,16.1307,119.7824,84.42,11.52
129,Corn Island,100,NI,1667532953,75,12.1694,-83.0418,82.27,6.73
130,Katsuura,46,JP,1667532954,46,35.1333,140.3,71.04,9.19
131,Banepā,20,NP,1667532954,68,27.6298,85.5214,62.92,0
132,Nikolskoye,24,RU,1667532954,81,59.7035,30.7861,31.91,2.39
133,Qaanaaq,85,GL,1667532955,59,77.484,-69.3632,10.53,8.84
134,Indri,12,IN,1667532955,53,29.88,77.0711,73.6,5.75
135,Gemeente Wageningen,75,NL,1667532956,93,51.9667,5.6667,49.06,8.05
136,Karratha,0,AU,1667532675,20,-20.7377,116.8463,91.74,11.56
137,Norman Wells,100,CA,1667532957,85,65.282,-126.8329,5.04,12.66
138,Vaini,20,TO,1667532957,78,-21.2,-175.2,80.76,11.5
139,Pontianak,40,ID,1667532714,83,-0.0333,109.3333,78.78,4.61
140,Port Elizabeth,0,ZA,1667532958,94,-33.918,25.5701,64.09,12.66
141,Thompson,75,CA,1667532958,85,55.7435,-97.8558,14.16,6.91
142,Kulhudhuffushi,100,MV,1667532959,70,6.6221,73.07,81.5,6.51
143,Avarua,75,CK,1667532959,73,-21.2078,-159.775,75.25,11.5
144,Pombal,77,BR,1667532960,59,-6.7703,-37.8017,78.87,14.47
145,Mar del Plata,0,AR,1667532882,89,-38.0023,-57.5575,56.08,17
146,Kalmar,100,SE,1667532961,87,56.6616,16.3616,49.14,9.22
147,Atar,0,MR,1667532961,13,20.5169,-13.0499,73.27,7.78
148,Grindavik,0,IS,1667532962,93,63.8424,-22.4338,36.07,9.22
149,Butaritari,75,KI,1667532962,69,3.0707,172.7902,80.62,12.15
150,Chokurdakh,40,RU,1667532963,96,70.6333,147.9167,-16.19,2.82
151,Maceió,0,BR,1667532830,94,-9.6658,-35.7353,74.64,5.75
152,Faanui,97,PF,1667532964,75,-16.4833,-151.75,78.26,24.18
153,Mackay,17,AU,1667532965,51,-21.15,149.2,80.69,18.1
154,Arraial do Cabo,67,BR,1667532965,66,-22.9661,-42.0278,66.7,11.03
155,Westport,0,US,1667532966,88,41.1415,-73.3579,57.18,4.61
156,Khatanga,84,RU,1667532967,99,71.9667,102.5,-8.36,5.82
157,Vanavara,98,RU,1667532968,81,60.34,102.2797,15.57,3.13
158,Terrace Bay,100,CA,1667532968,98,48.7834,-87.1,46.2,5.66
159,Zhigansk,12,RU,1667532969,93,66.7697,123.3711,-2.43,10.11
160,Siocon,99,PH,1667532970,67,7.7061,122.1353,87.58,0.96
161,Shubarshi,90,KZ,1667532970,91,48.5872,57.1869,31.19,14.25
162,Bereda,95,ES,1667532971,100,43.2686,-7.5406,44.42,2.28
163,Tura,3,IN,1667532972,65,25.5198,90.2201,77.32,0.74
164,Vila,50,PT,1667532972,94,42.0304,-8.1588,40.08,3.31
165,Lavrentiya,81,RU,1667532973,75,65.5833,-171,13.66,7.34
166,Tezu,0,IN,1667532973,32,27.9167,96.1667,78.98,2.91
167,Bandar,97,ID,1667532974,63,2.05,99.75,85.96,1.83
168,Abu Samrah,0,SY,1667532975,72,35.3029,37.1841,56.91,4.5
169,Bundaberg,62,AU,1667532742,47,-24.85,152.35,74.37,13.02
170,Kaitangata,65,NZ,1667532975,57,-46.2817,169.8464,56.68,16.93
171,Dordrecht,79,NL,1667532976,93,51.81,4.6736,50,1.99
172,Naryan-Mar,28,RU,1667532976,87,67.6713,53.087,17.56,6.4
173,Sauda,100,NO,1667532977,97,59.6506,6.3542,46.69,4.16
174,Vila Velha,75,BR,1667532810,85,-20.3297,-40.2925,64.94,8.05
175,Nanortalik,100,GL,1667532978,75,60.1432,-45.2371,36.52,19.51
176,Māngrol,0,IN,1667532979,42,21.1167,70.1167,84.34,7.2
177,Tuatapere,83,NZ,1667532979,82,-46.1333,167.6833,50.23,14.83
178,Bois-Guillaume,75,FR,1667532980,88,49.4602,1.1222,47.98,10.36
179,Kurush,56,RU,1667532980,87,41.2841,47.8345,27.23,6.13
180,Maragogi,94,BR,1667532981,82,-9.0122,-35.2225,76.41,9.33
181,Auki,56,SB,1667532981,79,-8.7676,160.7034,81.72,4.5
182,Fort-Shevchenko,47,KZ,1667532982,62,44.5086,50.263,45.77,13.58
183,Tuy Hoa,83,VN,1667532982,78,13.0833,109.3,77.61,8.79
184,Hermanus,100,ZA,1667532983,90,-34.4187,19.2345,65.8,9.28
185,Milas,3,TR,1667532984,34,37.3164,27.7839,61.14,2.68
186,Pimentel,80,PE,1667532984,83,-6.8367,-79.9342,63.09,9.53
187,Buraidah,64,SA,1667532776,45,26.326,43.975,61.25,7.47
188,Atasū,100,KZ,1667532985,61,48.6814,71.6433,40.62,12.19
189,Barrow,100,US,1667532986,85,71.2906,-156.7887,10.42,5.75
190,Margate,100,GB,1667532986,92,51.3813,1.3862,47.89,1.01
191,Foumbot,53,CM,1667532987,88,5.5079,10.6356,62.62,2.46
192,Saint Paul Harbor,0,US,1667532797,32,57.79,-152.4072,33.31,26.46
193,Bonthe,99,SL,1667532988,85,7.5264,-12.505,76.75,0.13
194,Husavik,100,IS,1667532988,99,66.0449,-17.3389,38.5,9.24
195,Ostrovnoy,77,RU,1667532989,85,68.0531,39.5131,35.11,16.4
196,Bairiki Village,20,KI,1667532989,66,1.3292,172.9752,86,8.05
197,Galle,79,LK,1667532920,76,6.0367,80.217,81.84,7.34
198,Vanimo,77,PG,1667532990,68,-2.6741,141.3028,86.22,6.42
199,Nhulunbuy,75,AU,1667532991,46,-12.2333,136.7667,92.01,18.41
200,Torbay,20,CA,1667532936,71,47.6666,-52.7314,37.76,11.5
201,Kedrovyy,100,RU,1667532991,93,56.1667,91.8167,34.21,6.2
202,Bubaque,100,GW,1667532992,69,11.2833,-15.8333,83.3,5.5
203,Belle Fourche,85,US,1667532992,60,44.6714,-103.8522,33.49,5.12
204,Ilulissat,75,GL,1667532993,51,69.2167,-51.1,33.82,17.27
205,Maraã,100,BR,1667532993,83,-1.8333,-65.3667,72.5,2.93
206,Zeya,61,RU,1667532994,61,53.75,127.2667,26.22,2.53
207,Yatou,75,CN,1667532994,40,37.15,122.3833,50.41,14.7
208,Najrān,1,SA,1667532895,29,17.4924,44.1277,61.45,1.01
209,Argelia,100,CO,1667532995,99,2.2556,-77.2488,65.86,0.4
210,Korla,5,CN,1667532995,35,41.7597,86.1469,52.11,7.31
211,Vao,9,NC,1667532996,83,-22.6667,167.4833,76.06,15.12
212,Gorontalo,99,ID,1667532708,66,0.5412,123.0595,87.35,3.78
213,Andenes,100,NO,1667532997,87,69.3143,16.1194,43.93,6.91
214,Harper,100,LR,1667532997,88,4.375,-7.7169,77.11,4.54
215,Portland,100,US,1667532648,87,45.5234,-122.6762,46.72,10.36
216,Sirajganj,0,BD,1667532998,72,24.45,89.7167,77.09,8.12
217,Saskylakh,100,RU,1667532998,95,71.9167,114.0833,9.73,10.87
218,Kavaratti,73,IN,1667532999,70,10.5669,72.642,82.24,4.81
219,Gonder,4,ET,1667532999,62,12.6,37.4667,55.51,5.03
220,Āsandh,3,IN,1667533000,40,29.5167,76.6,76.96,4.68
221,Jonesboro,0,US,1667532790,67,35.8423,-90.7043,64.22,8.05
222,Carnarvon,0,AU,1667533000,55,-24.8667,113.6333,77.14,16.91
223,Vulcan,16,RO,1667532999,88,45.3833,23.2667,42.75,3.53
224,Correntina,100,BR,1667533001,94,-13.3433,-44.6367,65.35,6.89
225,Malia,0,GR,1667533001,44,35.2833,25.4667,65.12,1.59
226,Abu Dhabi,0,AE,1667533002,44,24.4667,54.3667,78.82,5.75
227,Palembang,40,ID,1667533002,78,-2.9167,104.7458,82.49,2.3
228,San Cristobal,100,VE,1667533003,98,7.7669,-72.225,71.78,3.87
229,La Romana,20,DO,1667533003,94,18.4273,-68.9728,77.36,0
230,Flin Flon,84,CA,1667533004,100,54.7682,-101.865,5.74,3.85
231,Altay,85,CN,1667533004,36,47.8667,88.1167,46.44,3.76
232,Sittwe,1,MM,1667533005,70,20.15,92.9,81.97,0.83
233,Montepuez,7,MZ,1667533005,81,-13.1256,38.9997,70.38,4.88
234,Okha,66,RU,1667533006,66,53.5739,142.9478,34.75,15.23
235,Yerbogachën,16,RU,1667533006,73,61.2767,108.0108,11.64,9.44
236,Cidreira,40,BR,1667533007,72,-30.1811,-50.2056,60.39,6.24
237,Ozernovskiy,100,RU,1667533007,95,51.5,156.5167,39.7,14.81
238,Cutro,17,IT,1667533007,45,39.0353,16.9819,57.83,2.84
239,Itarema,30,BR,1667533008,80,-2.9248,-39.9167,77.09,8.08
240,Pāsighāt,0,IN,1667533008,44,28.0667,95.3333,77.85,3.22
241,Longyearbyen,20,SJ,1667533009,86,78.2186,15.6401,30.04,6.91
242,Bañón,0,ES,1667533009,72,40.8382,-1.1909,54.66,10.36
243,Artigas,67,UY,1667533010,82,-30.4,-56.4667,53.82,9.89
244,Ahipara,78,NZ,1667533010,67,-35.1667,173.1667,65.19,8.48
245,Aswān,9,EG,1667532867,45,24.0934,32.907,64.13,7.36
246,Narsaq,100,GL,1667533011,59,60.9167,-46.05,43.02,16.71
247,San Quintín,7,MX,1667533012,51,30.4833,-115.95,59.61,15.55
248,Salina,0,US,1667532986,77,38.8403,-97.6114,68.31,17.27
249,Saint George,0,US,1667533013,50,37.1041,-113.5841,45.43,10.36
250,Lanzhou,7,CN,1667533013,46,36.0564,103.7922,50.83,5.1
251,Puntarenas,100,CR,1667533013,87,9.9763,-84.8384,77.29,3.38
252,Santiago del Estero,2,AR,1667533009,23,-27.7951,-64.2615,63.21,8.95
253,Alpena,0,US,1667533014,69,45.0617,-83.4327,62.85,10.36
254,Pointe Michel,99,DM,1667533015,78,15.25,-61.3833,80.26,12.03
255,Tokur,98,RU,1667533015,71,53.1333,132.9,18.23,5.64
256,Shimoda,28,JP,1667533015,43,34.6667,138.95,71.96,19.53
257,Xining,6,CN,1667533016,53,36.6167,101.7667,43.38,3.98
258,Carutapera,52,BR,1667533016,85,-1.195,-46.02,77.47,5.28
259,Mehamn,88,NO,1667533017,81,71.0357,27.8492,40.95,19.57
260,Antofagasta,44,CL,1667532798,79,-23.65,-70.4,60.08,2.71
261,Cap Malheureux,28,MU,1667533018,71,-19.9842,57.6142,76.46,7
262,Churapcha,100,RU,1667533018,91,62.0025,132.4325,9.72,1.99
263,Saint-Augustin,100,CA,1667533018,54,51.226,-58.6502,35.35,7.67
264,Noyon,100,FR,1667533019,89,49.5833,3,48.85,9.35
265,Sibolga,100,ID,1667533019,87,1.7427,98.7792,77.97,1.74
266,Luwuk,92,ID,1667533020,73,-0.9516,122.7875,85.59,3.53
267,Eydhafushi,17,MV,1667533020,72,5.1033,73.0708,81.81,8.28
268,Atlantis,8,ZA,1667533021,84,-33.5667,18.4834,64.98,5.3
269,Saldanha,18,ZA,1667533022,94,-33.0117,17.9442,55.45,3.56
270,Cabo San Lucas,20,MX,1667532849,72,22.8909,-109.9124,76.6,11.5
271,Senador José Porfírio,88,BR,1667533023,92,-2.5908,-51.9542,73.13,1.07
272,Mattru,95,SL,1667533023,96,7.6244,-11.8332,72.52,0.13
273,Salou,0,ES,1667533024,57,41.0766,1.1416,63.05,5.75
274,Arica,100,CL,1667533024,77,-18.475,-70.3042,63.95,8.05
275,Gunib,84,RU,1667533025,73,42.3876,46.9651,39.45,1.86
276,Bambous Virieux,40,MU,1667533026,83,-20.3428,57.7575,76.21,9.22
277,Iqaluit,100,CA,1667533026,67,63.7506,-68.5145,11.93,14.97
278,Eureka,99,US,1667533013,90,40.8021,-124.1637,49.93,2.46
279,Taoudenni,7,ML,1667533027,20,22.6783,-3.9836,69.98,10.74
280,Aksarka,6,RU,1667533028,91,66.5606,67.7975,3.78,4.14
281,Iquique,25,CL,1667533028,73,-20.2208,-70.1431,62.64,2.01
282,Mahabad,2,IR,1667533029,58,36.7631,45.7222,45.43,7.27
283,Assiut,100,EG,1667533030,60,27.181,31.1837,59.18,5.14
284,Ust'-Karsk,98,RU,1667533031,55,52.7011,118.8077,27.43,2.06
285,Tselinnoye,89,RU,1667533032,89,53.0833,85.6667,37.35,6.08
286,Nantucket,0,US,1667533033,93,41.2835,-70.0995,57.99,6.91
287,Hithadhoo,33,MV,1667533033,72,-0.6,73.0833,82.18,11.88
288,Yaring,95,TH,1667533034,71,6.8662,101.3689,84.07,5.44
289,Olginskaya,100,RU,1667533034,48,47.1879,39.9492,47.93,4.23
290,Provideniya,100,RU,1667533035,72,64.3833,-173.3,16.93,5.79
291,Cooma,2,AU,1667533036,35,-36.2333,149.1333,66,1.36
292,Verāval,0,IN,1667533037,41,20.9,70.3667,84.76,6.82
293,Adrar,0,MR,1667533037,17,20.5022,-10.0711,69.49,9.6
294,Kortkeros,79,RU,1667533039,94,61.8106,51.5806,28.4,4.56
295,Negombo,20,LK,1667533039,83,7.2083,79.8358,82.45,2.3
296,Saryg-Sep,100,RU,1667533040,70,51.5,95.6,26.85,2.55
297,Clarence Town,75,AU,1667533040,55,-32.5833,151.7833,69.94,8.59
298,Ambalavao,29,MG,1667533041,76,-21.8333,46.9333,69.3,1.45
299,Belgrade,36,RS,1667533042,88,44.804,20.4651,53.69,1.99
300,Iaciara,92,BR,1667533042,84,-14.0958,-46.6317,65.89,5.57
301,Krasnosel'kup,12,RU,1667533043,84,65.7,82.4667,3.96,6.76
302,Hambantota,40,LK,1667533043,94,6.1241,81.1185,80.94,2.3
303,Rawson,0,AR,1667533044,33,-43.3002,-65.1023,68.63,25.86
304,Krasnoyarskiy,100,RU,1667533045,92,51.965,59.8967,26.69,8.28
305,Kununurra,17,AU,1667533045,62,-15.7667,128.7333,87.78,4.61
306,Kalur Kot,100,PK,1667533046,27,32.1564,71.2594,79.79,2.33
307,Anopino,100,RU,1667533046,95,55.6981,40.6671,29.57,3.85
308,Camacha,40,PT,1667533047,88,33.0833,-16.3333,65.62,5.75
309,Alexandria,0,EG,1667532854,60,31.2156,29.9553,59.54,1.57
310,Dombarovskiy,100,RU,1667533049,92,50.7587,59.5386,28.76,9.89
311,São João da Barra,98,BR,1667533049,73,-21.6403,-41.0511,65.16,11.41
312,Pacific Grove,0,US,1667533050,78,36.6177,-121.9166,52.66,15.01
313,Poum,76,NC,1667533050,74,-20.2333,164.0167,80.11,3.69
314,Dunedin,54,NZ,1667533051,47,-45.8742,170.5036,61.25,17.67
315,Salinópolis,65,BR,1667533052,85,-0.6136,-47.3561,78.28,7.31
316,Broken Hill,0,AU,1667533053,36,-31.95,141.4333,66,6.51
317,Khokhlovo,89,RU,1667533053,95,59.1492,37.3998,28.42,3.78
318,Banyo,20,CM,1667533053,79,6.75,11.8167,63.57,3.31
319,Damietta,0,EG,1667533054,61,31.4165,31.8133,69.69,6.2
320,Qaqortoq,100,GL,1667533054,62,60.7167,-46.0333,36.37,17.02
321,Akhisar,9,TR,1667533055,60,38.9185,27.8401,55.44,2.82
322,Madang,100,PG,1667533055,63,-5.2246,145.7966,86.85,7.94
323,Itoman,20,JP,1667533056,66,26.1247,127.6694,79.57,20.71
324,Zhezkazgan,75,KZ,1667533056,93,47.8043,67.7144,35.58,15.66
325,Ocampo,83,MX,1667533057,40,21.65,-101.5,64.31,0.58
326,Anáhuac,0,MX,1667533057,69,27.2333,-100.15,75.16,24.74
327,Neftçala,39,AZ,1667533058,70,39.3742,49.2472,61.16,10.98
328,Esim,100,GH,1667533058,86,4.8699,-2.2405,77.05,5.7
329,Sarkand,93,KZ,1667533059,36,45.41,79.9186,50.86,2.13
330,Yumen,12,CN,1667533059,33,40.2833,97.2,41.43,20.6
331,Phan Thiet,20,VN,1667533060,67,10.9333,108.1,84.69,13.51
332,Kalat,76,PK,1667533060,33,29.0225,66.5916,59.85,7.96
333,Voh,60,NC,1667533061,64,-20.9667,164.7,83.64,8.99
334,Bilecik Province,12,TR,1667533061,77,40,30.1667,34.48,2.53
335,Três Pontas,100,BR,1667533062,91,-21.3667,-45.5125,53.89,5.1
336,Kadoma,20,JP,1667533062,43,34.7333,135.5833,72.64,13.8
337,Clyde River,100,CA,1667533063,86,70.4692,-68.5914,17.83,10.36
338,Solnechnyy,66,RU,1667533063,36,50.7214,136.6319,34.07,1.57
339,Sakakah,1,SA,1667532894,49,29.9697,40.2064,56.77,4.25
340,Kloulklubed,69,PW,1667533064,70,7.0419,134.2556,77.5,3.33
341,Lüderitz,35,NA,1667533065,90,-26.6481,15.1594,58.12,2.89
342,Kenora,100,CA,1667533065,93,49.8167,-94.4337,34.77,9.22
343,Sayyan,1,YE,1667533066,32,15.1718,44.3244,56.07,1.61
344,Monterey,42,US,1667532933,1,36.2505,-121.2516,47.17,6.55
345,Saugor,0,IN,1667533067,38,23.8333,78.7167,78.84,4.18
346,Tete,20,MZ,1667533067,69,-16.1564,33.5867,78.89,6.91
347,Kahului,75,US,1667532740,63,20.8947,-156.47,84.22,16.11
348,Ranfurly,54,NZ,1667533068,55,-45.1333,170.1,56.82,22.75
349,Kamaishi,73,JP,1667533069,45,39.2667,141.8833,54.05,15.19
350,Huarmey,47,PE,1667533069,86,-10.0681,-78.1522,62.56,6.22
351,Lagoa,7,PT,1667533070,88,39.05,-27.9833,67.19,15.21
352,Fairbanks,100,US,1667532772,84,64.8378,-147.7164,14.59,6.91
353,Baoding,66,CN,1667532864,42,38.8511,115.4903,52.66,7.07
354,Pouembout,69,NC,1667533071,63,-21.1333,164.9,83.66,8.93
355,Mount Gambier,100,AU,1667533071,63,-37.8333,140.7667,57.72,4.97
356,Puerto del Rosario,20,ES,1667533071,78,28.5004,-13.8627,71.35,13.8
357,Artyom,87,AZ,1667533072,70,40.4723,50.333,51.94,5.5
358,Kendari,93,ID,1667533072,57,-3.945,122.4989,89.01,6.38
359,Codrington,99,AU,1667533073,72,-38.2667,141.9667,56.82,6.44
360,North Platte,90,US,1667533073,89,41.1239,-100.7654,34.12,11.99
361,Kuching,20,MY,1667532796,83,1.55,110.3333,80.82,5.75
362,Fortuna,100,US,1667533074,86,40.5982,-124.1573,49.66,3.44
363,San Jose,0,US,1667532796,65,37.3394,-121.895,52.86,4.61
364,Hamilton,0,US,1667532907,81,39.1834,-84.5333,62.22,8.05
365,Ambilobe,0,MG,1667533075,65,-13.2,49.05,75.13,5.57
366,Severodvinsk,75,RU,1667533075,89,64.5635,39.8302,23.11,4.43
367,Mana,100,GF,1667533076,91,5.6592,-53.7767,76.57,3.65
368,Olafsvik,70,IS,1667533076,89,64.8945,-23.7142,40.37,12.77
369,Sisimiut,100,GL,1667533077,51,66.9395,-53.6735,24.42,8.46
370,Yakeshi,35,CN,1667533077,74,49.2833,120.7333,25.12,13.29
371,Arlit,4,NE,1667533078,25,18.7369,7.3853,70.02,8.16
372,Two Rivers,75,US,1667533078,82,44.1539,-87.5693,60.94,9.22
373,Ust'-Tarka,89,RU,1667533079,77,55.5672,75.705,33.4,10.56
374,Grand-Santi,100,GF,1667533079,100,4.25,-54.3833,72.48,1.88
375,Rūdbār,7,AF,1667533079,21,30.15,62.6,75.43,6.13
376,Yulara,0,AU,1667533080,15,-25.2406,130.9889,80.28,10.22
377,Albacete,100,ES,1667533080,82,38.8333,-2,56.21,12.66
378,Qui Nhon,42,VN,1667533081,73,13.7667,109.2333,78.31,7.25
379,Chāndbāli,1,IN,1667533082,47,20.7833,86.7667,80.76,4.68
380,Necochea,0,AR,1667532870,83,-38.5473,-58.7368,47.53,11.86
381,George Town,20,MY,1667533055,78,5.4112,100.3354,86.9,5.75
382,Pangkalanbuun,100,ID,1667533083,95,-2.6833,111.6167,76.12,3.76
383,Slave Lake,100,CA,1667532953,63,55.2834,-114.769,26.58,9.22
384,Santa Maria do Suaçuí,99,BR,1667533084,94,-18.1903,-42.4142,58.37,1.66
385,Paamiut,100,GL,1667533085,92,61.994,-49.6678,34.21,3.13
386,Volksrust,98,ZA,1667533085,89,-27.3654,29.8818,56.19,3.96
387,Hofn,76,IS,1667533086,73,64.2539,-15.2082,43.38,16.06
388,‘Āhuimanu,40,US,1667533086,75,21.4447,-157.8378,82.11,9.22
389,Marsh Harbour,7,BS,1667532935,68,26.5412,-77.0636,78.08,13.33
390,Linkou,0,CN,1667533087,25,45.3,130.2833,34.63,12.37
391,Tadine,49,NC,1667533088,73,-21.55,167.8833,80.01,13.13
392,Mungwi,70,ZM,1667533088,45,-10.1732,31.3694,68.59,2.64
393,Luau,41,AO,1667533089,99,-10.7073,22.2247,62.08,3.33
394,Fundão,90,BR,1667533089,89,-19.9341,-40.4047,65.53,6.35
395,Alta Floresta,100,BR,1667533090,63,-9.8756,-56.0861,74.66,4.45
396,Cherskiy,15,RU,1667533090,92,68.75,161.3,-17.32,3.8
397,Jalu,43,LY,1667533091,79,29.0331,21.5482,60.94,6.51
398,Nizhniy Lomov,100,RU,1667533092,98,53.5304,43.6766,32.11,3.51
399,Muros,76,ES,1667532951,95,42.7762,-9.0603,49.68,2.8
400,Honiara,68,SB,1667533092,79,-9.4333,159.95,82.76,3.89
401,Carbonia,100,IT,1667533093,82,39.1672,8.5222,70.45,12.5
402,Mandalgovi,3,MN,1667533093,39,45.7625,106.2708,34.07,14.9
403,Port Hardy,100,CA,1667533094,100,50.6996,-127.4199,39.38,24.16
404,Codajás,26,BR,1667533095,79,-3.8367,-62.0569,70.54,2.66
405,Talnakh,100,RU,1667533088,96,69.4865,88.3972,15.21,8.81
406,Ryōtsu-minato,94,JP,1667533096,63,38.0833,138.4333,51.49,5.44
407,Ağdaş,56,AZ,1667533096,75,40.65,47.4761,53.47,3.06
408,Vostok,64,RU,1667533097,45,46.4856,135.8833,25.56,11.23
409,Tegul'det,100,RU,1667533097,82,57.3064,88.1667,30.51,5.84
410,La Ronge,100,CA,1667533098,86,55.1001,-105.2842,21.45,3.44
411,Rockland,0,US,1667533098,81,41.1668,-74.0496,56.64,2.82
412,Salalah,75,OM,1667532881,73,17.0151,54.0924,78.89,4.61
413,Departamento de Maldonado,0,UY,1667533100,90,-34.6667,-54.9167,52.99,4.79
414,Safaga,100,EG,1667533101,50,26.7292,33.9365,72,10.94
415,Udachny,100,RU,1667533101,92,66.4167,112.4,12.45,18.66
416,Khovd,95,MN,1667533101,57,48.0056,91.6419,31.93,2.3
417,Tyup,100,KG,1667533102,47,42.7276,78.3648,46.35,2.98
418,Vila Franca do Campo,50,PT,1667533103,96,37.7167,-25.4333,69.19,8.79
419,Camaná,83,PE,1667533103,83,-16.6228,-72.7111,62.91,5.95
420,Batticaloa,60,LK,1667533104,75,7.7102,81.6924,81.19,5.39
421,Oakdale,100,US,1667533104,78,44.963,-92.9649,63.72,6.91
422,Campagna,74,IT,1667533105,88,40.6653,15.1059,62.08,1.01
423,Carballo,96,ES,1667533105,90,43.213,-8.691,57.87,2.71
424,Parrita,100,CR,1667533106,89,9.5201,-84.3225,77.25,2.66
425,Noumea,31,NC,1667532855,73,-22.2763,166.4572,84.18,18.54
426,West Wendover,0,US,1667533106,44,40.7391,-114.0733,33.01,13.8
427,Gisenyi,100,RW,1667533107,90,-1.7028,29.2564,63.32,2.8
428,Sokolo,0,ML,1667533108,18,14.7328,-6.1219,74.68,8.9
429,Yuli,57,NG,1667533109,33,9.6989,10.2744,72,4.81
430,Kathmandu,20,NP,1667533109,68,27.7167,85.3167,64.62,0
431,Nicoya,100,CR,1667533110,93,10.1483,-85.452,74.48,0.78
432,Shingū,48,JP,1667533111,44,33.7333,135.9833,71.11,3.11
433,Sinnamary,98,GF,1667533111,91,5.3833,-52.95,76.89,3.47
434,Upernavik,100,GL,1667533074,64,72.7868,-56.1549,25.34,12.17
435,Mae Hong Son,75,TH,1667533112,73,19.3003,97.9685,78.94,2.3
436,Manbij,0,SY,1667533113,32,36.5281,37.9549,57.42,6.85
437,Nyurba,66,RU,1667533113,84,63.2842,118.3319,9.41,9.71
438,Yuzhno-Kurilsk,39,RU,1667533113,57,44.0306,145.8556,44.85,12.06
439,Maţāy,46,EG,1667533114,76,28.419,30.7792,63.64,9.33
440,Khilok,32,RU,1667533114,45,51.3674,110.4676,33.58,10.58
441,Leshukonskoye,85,RU,1667533115,98,64.8989,45.7622,15.58,0.94
442,Chauk,0,MM,1667533115,50,20.8833,94.8167,83.86,5.23
443,Muravlenko,100,RU,1667533116,97,63.7898,74.523,24.53,5.5
444,Palekastro,0,GR,1667533116,59,35.2,26.25,65.64,5.19
445,Mountain Home,0,US,1667533117,64,43.133,-115.6912,33.28,4.61
446,Villa Rica,0,US,1667533117,99,33.7321,-84.9191,61.68,4.92
447,Antequera,23,ES,1667533118,76,37.0194,-4.5612,62.94,4.68
448,Ghanzi,42,BW,1667533118,68,-21.5667,21.7833,70.2,4.27
449,Finnsnes,92,NO,1667533119,96,69.2296,17.9811,29.01,2.73
450,Knyaginino,100,RU,1667533119,98,55.8228,45.0349,32.86,3.78
451,Ancud,9,CL,1667533119,96,-41.8697,-73.8203,49.89,5.3
452,Vestmannaeyjar,2,IS,1667533120,68,63.4427,-20.2734,41.77,3.09
453,Puerto Madero,100,MX,1667533120,100,14.7208,-92.4215,75.4,5.75
454,Terråk,99,NO,1667533121,86,65.087,12.3715,51.67,8.25
455,Ladário,15,BR,1667533121,56,-19.0047,-57.6017,64.2,6.33
456,Sedalia,40,US,1667533122,60,38.7045,-93.2283,69.85,17.27
457,Kalispell,100,US,1667533122,84,48.1958,-114.3129,33.3,6.91
458,Hérouville-Saint-Clair,75,FR,1667533123,87,49.2109,-0.3065,50.99,11.5
459,Kutum,83,SD,1667533123,29,14.2,24.6667,58.46,5.84
460,Chicama,28,PE,1667533124,83,-7.8447,-79.1469,59.54,4.21
461,Opatovice nad Labem,100,CZ,1667533124,87,50.1454,15.7905,52.43,6.91
462,Narrabri,23,AU,1667533125,41,-30.3167,149.7833,74.52,1.01
463,Vohibinany,77,MG,1667533125,68,-17.35,49.0333,73.6,1.5
464,Dubrovnik,0,HR,1667533126,77,42.6481,18.0922,60.44,12.66
465,Castelldefels,0,ES,1667533126,55,41.2779,1.9703,62.2,8.01
466,Novy Urengoy,7,RU,1667533126,89,66.0833,76.6333,7.81,5.79
467,Terrace,100,CA,1667532856,93,54.5163,-128.6035,37.31,14.97
468,Privolzhskiy,100,RU,1667533127,76,51.4,46.0333,36.3,7.96
469,Mahajanga,75,MG,1667533128,94,-15.7167,46.3167,71.62,6.91
470,Chingirlau,84,KZ,1667533128,96,51.095,54.0814,20.1,7.92
471,Damaturu,100,NG,1667533129,32,11.747,11.9608,71.24,8.21
472,Granville,75,AU,1667533129,63,-33.8333,151.0167,70.21,11.5
473,Bollnäs,100,SE,1667533130,94,61.3482,16.3946,42.4,7.07
474,Dāmghān,5,IR,1667533130,54,36.1683,54.348,52.39,2.42
475,Cassilândia,99,BR,1667532838,69,-19.1133,-51.7342,62.98,8.99
476,Palāsa,10,IN,1667533131,70,18.7667,84.4167,81.68,6.29
477,Orocué,56,CO,1667533132,89,4.7912,-71.3354,67.28,6.42
478,Anadyr,75,RU,1667533132,77,64.75,177.4833,1.9,8.95
479,Mandiana,100,GN,1667533132,37,10.6333,-8.6833,71.1,4.21
480,Were Īlu,5,ET,1667533133,75,10.6,39.4333,47.26,4.94
481,Dwārka,0,IN,1667533133,50,22.2394,68.9678,83.68,5.99
482,Kerikeri,100,NZ,1667533065,76,-35.2268,173.9474,71.91,1.01
483,Tirumullaivāsal,94,IN,1667533134,75,11.2333,79.8333,80.82,11.97
484,Cockburn Town,16,TC,1667532983,73,21.4612,-71.1419,80.08,14.14
485,Yārāda,40,IN,1667533135,83,17.65,83.2667,82.72,6.91
486,Klos,8,AL,1667533135,59,41.5072,20.0851,43.75,5.14
487,Otane,11,NZ,1667533136,49,-39.8833,176.6333,67.01,9.19
488,Luena,90,AO,1667533136,86,-11.7833,19.9167,60.42,2.15
489,Aklavik,100,CA,1667533137,95,68.2191,-135.0107,6.4,10.49
490,Almansa,100,ES,1667533137,79,38.8692,-1.0971,56.91,15.93
491,Bonavista,18,CA,1667533138,64,48.6499,-53.1147,37.18,22.62
492,Gubkinskiy,100,RU,1667533138,96,64.434,76.5026,19.58,5.91
493,Verkhnyaya Balkariya,33,RU,1667533138,79,43.1279,43.4573,36.52,6.26
494,Sur,1,OM,1667533139,37,22.5667,59.5289,81.54,7
495,Benalla,11,AU,1667533140,60,-36.55,145.9833,67.86,4.81
496,Rāichūr,1,IN,1667533140,67,16.2,77.3667,79.07,9.04
497,Saint-François,75,FR,1667533141,76,46.4154,3.9054,47.68,8.05
498,Guardiagrele,100,IT,1667533141,58,42.1954,14.2198,62.78,15.01
499,Karaman Province,41,TR,1667533142,49,37.0833,33.25,45.03,2.13
500,Morant Bay,27,JM,1667533063,84,17.8815,-76.4093,80.22,8.25
501,Cobija,9,BO,1667533142,47,-11.0267,-68.7692,63.36,3.47
502,Sept-Îles,75,CA,1667533143,86,50.2001,-66.3821,33.8,4.61
503,Saryozek,100,KZ,1667533144,39,44.3583,77.9753,49.33,1.59
504,Palana,100,RU,1667533144,78,59.1167,159.9667,28.78,9.19
505,Coyhaique,0,CL,1667533145,72,-45.5752,-72.0662,57.15,3.44
506,Laje,100,BR,1667533145,95,-10.1833,-40.9667,70.88,2.98
507,Houma,75,US,1667532920,97,29.5958,-90.7195,70,6.91
508,Gouyave,75,GD,1667533146,83,12.1646,-61.7296,81.37,17.27
509,Massakory,100,TD,1667533147,19,12.996,15.7293,73.99,10.51
510,Sangar,100,RU,1667533147,91,63.9242,127.4739,7.92,2.66
511,Dajal,56,PK,1667533148,28,29.5577,70.3762,82.26,7.52
512,Mbanza-Ngungu,97,CD,1667533148,99,-5.25,14.8667,66.36,2.89
513,Vardø,75,NO,1667533149,93,70.3705,31.1107,35.58,17.27
514,Esperance,49,AU,1667533149,36,-33.8667,121.9,80.24,14
515,Voi,17,KE,1667533150,80,-3.3945,38.563,69.89,3.44
516,The Valley,97,AI,1667533150,75,18.217,-63.0578,82.26,13.47
517,Berlevåg,100,NO,1667533151,81,70.8578,29.0864,41,27.63
518,Los Llanos de Aridane,75,ES,1667533152,69,28.6585,-17.9182,67.75,10.36
519,Qaryat Sulūq,0,LY,1667533152,83,31.6682,20.2521,62.31,0.58
520,Bartica,100,GY,1667533153,99,6.4,-58.6167,75.52,1.7
521,Ardakān,7,IR,1667533154,60,32.31,54.0175,58.6,4.03
522,Bereket,58,TM,1667533154,72,39.2446,55.5154,54.32,6.15
523,Vernon,100,CA,1667533155,86,50.2581,-119.2691,34.61,2.3
524,Lebedinyy,100,RU,1667533155,93,58.5167,125.5167,13.35,15.35
525,Fochabers,0,GB,1667533156,81,57.6136,-3.0957,42.89,10.36
526,Kalawit,89,PH,1667533156,73,8.0667,122.5167,85.87,2.82
527,Mayo,0,US,1667533157,93,38.8876,-76.5119,59.13,3.44
528,Sandwick,75,GB,1667533158,76,60,-1.25,49.82,16.11
529,Huai Yot,89,TH,1667533158,76,7.7893,99.6348,82.02,4.16
530,Vestmanna,100,FO,1667533159,87,62.1564,-7.1664,45.52,23.02
531,Waingapu,100,ID,1667533159,58,-9.6567,120.2641,88.36,9.86
532,Omīdīyeh,0,IR,1667533160,63,30.7597,49.705,62.47,0
533,Amapá,100,BR,1667533161,100,1,-52,70.47,1.41
534,Abonnema,50,NG,1667533161,90,4.7084,6.7931,75.7,4.25
535,Avera,0,US,1667533162,71,33.194,-82.5271,58.51,5.93
536,Kumluca,0,TR,1667533162,40,36.3703,30.2869,66.87,4.25
537,Makakilo City,0,US,1667533163,69,21.3469,-158.0858,80.92,10.36
538,Coahuayana Viejo,6,MX,1667533066,93,18.7333,-103.6833,75.34,3.02
539,San Miguel de Cozumel,40,MX,1667533081,97,20.5083,-86.9458,79.07,4.61
540,Kamisu,100,JP,1667533164,73,35.8907,140.6686,67.24,19.46
541,Lichinga,20,MZ,1667533165,68,-13.3128,35.2406,64.49,11.5
542,Farafangana,27,MG,1667533165,77,-22.8167,47.8333,74.19,8.86
543,Manono,80,CD,1667533166,97,-7.3,27.4167,66.78,1.57
544,Katherine,43,AU,1667533166,31,-14.4667,132.2667,89.92,11.5
545,Banda Aceh,100,ID,1667533167,93,5.5577,95.3222,75.51,2.44
546,Ixtapa,0,MX,1667533167,83,20.7,-105.2,74.43,3.44
547,Suntar,58,RU,1667533168,81,62.1444,117.6319,11.97,8.32
548,Riacho de Santana,100,BR,1667533168,95,-13.6092,-42.9389,64.11,6.82
549,Ariquemes,7,BR,1667533169,60,-9.9133,-63.0408,64.99,3.44
550,Xam Nua,44,LA,1667533170,45,20.4197,104.0439,74.17,4.36
551,Burgos,100,ES,1667533171,100,42.3394,-3.7079,41.41,6.91
552,Almeria,34,ES,1667533171,63,37.1667,-2.3333,59.16,6.2
553,Bambanglipuro,98,ID,1667533117,77,-7.95,110.2833,83.05,11.41
554,Hay River,75,CA,1667533172,86,60.8156,-115.7999,15.78,8.05
555,Soyo,100,AO,1667533173,88,-6.1349,12.3689,76.82,1.52
556,Elizabeth City,0,US,1667533173,96,36.2946,-76.2511,64.42,4.61
557,Nome,75,US,1667533174,68,64.5011,-165.4064,21.27,6.91
558,Oistins,40,BB,1667533175,83,13.0667,-59.5333,78.89,8.05
559,Flinders,69,AU,1667533175,64,-34.5833,150.8552,69.19,7
560,Nynäshamn,64,SE,1667533175,84,58.9034,17.9479,48.11,15.68
561,Touros,18,BR,1667532930,82,-5.1989,-35.4608,77.07,9.19
562,La Rioja,42,ES,1667533176,81,42.25,-2.5,38.98,6.06
563,Barra de Tecoanapa,22,MX,1667533177,83,16.5167,-98.75,79.36,6.29
564,Rājgīr,0,IN,1667533177,42,25.0333,85.4167,79.66,0.76
565,Alice Springs,0,AU,1667533178,14,-23.7,133.8833,78.35,13.8
566,Aketi,100,CD,1667533178,98,2.7388,23.7833,69.4,0.16
567,Puerto Ayacucho,95,VE,1667533178,89,5.6639,-67.6236,71.35,4.27
568,Bandarbeyla,60,SO,1667533179,73,9.4942,50.8122,78.67,1.86
569,Bloomington,100,US,1667533022,78,44.8408,-93.2983,63.25,13.8
